PSGC,PROVINCE,LOCATION,POPULATION_2024,DENSITY_2024,ESTIMATED_TESTING_CENTERS_2024,AREA_KM2_APPROX,REPRESENTATIVE_LATITUDE,REPRESENTATIVE_LONGITUDE,BOUNDARY_SOURCE,CASE_DATA_STATUS
1204701000,Cotabato,ALAMADA,71975.0,91.397,0.0,567.6906,7.485798259500058,124.5844818565175,GeoRiskPH PSA Municipal ArcGIS,CONSTRAINED DEVELOPMENT SIMULATION
1204717000,Cotabato,ALEOSAN,38254.0,169.716,0.0,174.1716,7.186780819000035,124.63386669132154,GeoRiskPH PSA Municipal ArcGIS,CONSTRAINED DEVELOPMENT SIMULATION
1204715000,Cotabato,ANTIPAS,27108.0,118.791,0.0,110.7519,7.260335179500032,125.0770170321075,GeoRiskPH PSA Municipal ArcGIS,CONSTRAINED DEVELOPMENT SIMULATION
1204718000,Cotabato,ARAKAN,51900.0,74.87,0.0,446.0734,7.341983561999999,125.15082460167278,GeoRiskPH PSA Municipal ArcGIS,CONSTRAINED DEVELOPMENT SIMULATION
1204716000,Cotabato,BANISILAN,48306.0,83.618,0.0,287.0405,7.468041295000063,124.72701837658659,GeoRiskPH PSA Municipal ArcGIS,CONSTRAINED DEVELOPMENT SIMULATION
1204702000,Cotabato,CARMEN,80245.0,72.156,0.0,594.853,7.320356780500049,124.74289388627236,GeoRiskPH PSA Municipal ArcGIS,CONSTRAINED DEVELOPMENT SIMULATION
1204703000,Cotabato,KABACAN,78450.0,175.073,0.0,257.179,7.17538834450005,124.86154057020642,GeoRiskPH PSA Municipal ArcGIS,CONSTRAINED DEVELOPMENT SIMULATION
1204704000,Cotabato,KIDAPAWAN,162122.0,452.223,1.0,292.251,7.04223750050005,125.07367761959239,GeoRiskPH PSA Municipal ArcGIS,CONSTRAINED DEVELOPMENT SIMULATION
1204705000,Cotabato,LIBUNGAN,58138.0,337.032,0.0,168.8302,7.285513838000043,124.54461452656179,GeoRiskPH PSA Municipal ArcGIS,CONSTRAINED DEVELOPMENT SIMULATION
1204710000,Cotabato,M'LANG,99301.0,318.17,1.0,362.6978,6.9452883305,124.89888548273186,GeoRiskPH PSA Municipal ArcGIS,CONSTRAINED DEVELOPMENT SIMULATION
1204706000,Cotabato,MAGPET,55600.0,73.603,0.0,387.3082,7.139818877000067,125.17540500509725,GeoRiskPH PSA Municipal ArcGIS,CONSTRAINED DEVELOPMENT SIMULATION
1204707000,Cotabato,MAKILALA,89093.0,259.293,0.0,346.1013,6.9210933965,125.10556331580209,GeoRiskPH PSA Municipal ArcGIS,CONSTRAINED DEVELOPMENT SIMULATION
1204708000,Cotabato,MATALAM,82134.0,172.55,0.0,422.1509,7.188079261500036,124.96214215422913,GeoRiskPH PSA Municipal ArcGIS,CONSTRAINED DEVELOPMENT SIMULATION
1204709000,Cotabato,MIDSAYAP,116508.0,401.752,1.0,294.0853,7.146461439500058,124.51402440652687,GeoRiskPH PSA Municipal ArcGIS,CONSTRAINED DEVELOPMENT SIMULATION
1204711000,Cotabato,PIGKAWAYAN,53928.0,158.565,0.0,249.3788,7.3016416635000345,124.43356278634468,GeoRiskPH PSA Municipal ArcGIS,CONSTRAINED DEVELOPMENT SIMULATION
1204712000,Cotabato,PIKIT,67643.0,111.881,0.0,297.017,7.076270432,124.63434311508092,GeoRiskPH PSA Municipal ArcGIS,CONSTRAINED DEVELOPMENT SIMULATION
1204713000,Cotabato,PRESIDENT ROXAS,51561.0,83.405,0.0,348.161,7.372048919500031,124.98232131479273,GeoRiskPH PSA Municipal ArcGIS,CONSTRAINED DEVELOPMENT SIMULATION
1204714000,Cotabato,TULUNAN,62290.0,276.844,0.0,292.3862,6.810664942000001,124.94853804765637,GeoRiskPH PSA Municipal ArcGIS,CONSTRAINED DEVELOPMENT SIMULATION
1230800000,General Santos City,GENERAL SANTOS,728933.0,1478.866,4.0,524.8949,6.126102416000066,125.11538180472309,GeoRiskPH PSA Municipal ArcGIS,CONSTRAINED DEVELOPMENT SIMULATION
1208001000,Sarangani,ALABEL,90704.0,177.851,0.0,497.3512,6.157639010000054,125.36916578371901,GeoRiskPH PSA Municipal ArcGIS,CONSTRAINED DEVELOPMENT SIMULATION
1208002000,Sarangani,GLAN,117790.0,168.996,1.0,713.6153,5.762086261,125.33253977524933,GeoRiskPH PSA Municipal ArcGIS,CONSTRAINED DEVELOPMENT SIMULATION
1208003000,Sarangani,KIAMBA,69183.0,167.109,0.0,431.6414,6.0060038235,124.71829371081213,GeoRiskPH PSA Municipal ArcGIS,CONSTRAINED DEVELOPMENT SIMULATION
1208004000,Sarangani,MAASIM,68337.0,136.674,0.0,448.1913,5.945637889876034,124.97134147181637,GeoRiskPH PSA Municipal ArcGIS,CONSTRAINED DEVELOPMENT SIMULATION
1208005000,Sarangani,MAITUM,46405.0,143.049,0.0,288.2904,6.1146408445,124.47905950425002,GeoRiskPH PSA Municipal ArcGIS,CONSTRAINED DEVELOPMENT SIMULATION
1208006000,Sarangani,MALAPATAN,83106.0,136.396,0.0,571.9256,6.018772833516355,125.3987871035876,GeoRiskPH PSA Municipal ArcGIS,CONSTRAINED DEVELOPMENT SIMULATION
1208007000,Sarangani,MALUNGON,109147.0,145.529,1.0,773.803,6.37509052,125.25314684766508,GeoRiskPH PSA Municipal ArcGIS,CONSTRAINED DEVELOPMENT SIMULATION
1206302000,South Cotabato,BANGA,92142.0,383.286,1.0,204.5319,6.396637785500076,124.7742128154698,GeoRiskPH PSA Municipal ArcGIS,CONSTRAINED DEVELOPMENT SIMULATION
1206306000,South Cotabato,KORONADAL,203512.0,734.7,2.0,275.5902,6.457459996500063,124.87198771160266,GeoRiskPH PSA Municipal ArcGIS,CONSTRAINED DEVELOPMENT SIMULATION
1206319000,South Cotabato,LAKE SEBU,84799.0,120.796,0.0,855.9451,6.25043296450005,124.59933698219831,GeoRiskPH PSA Municipal ArcGIS,CONSTRAINED DEVELOPMENT SIMULATION
1206311000,South Cotabato,NORALA,48804.0,397.751,0.0,129.7321,6.535893602000044,124.67494370118368,GeoRiskPH PSA Municipal ArcGIS,CONSTRAINED DEVELOPMENT SIMULATION
1206312000,South Cotabato,POLOMOLOK,177933.0,524.876,1.0,313.5331,6.25675621350004,125.05366813468169,GeoRiskPH PSA Municipal ArcGIS,CONSTRAINED DEVELOPMENT SIMULATION
1206318000,South Cotabato,SANTO NIÑO,41282.0,375.632,0.0,77.9444,6.452546875000053,124.66731624226148,GeoRiskPH PSA Municipal ArcGIS,CONSTRAINED DEVELOPMENT SIMULATION
1206313000,South Cotabato,SURALLAH,92017.0,170.307,1.0,265.7826,6.3366109715000505,124.71328545020998,GeoRiskPH PSA Municipal ArcGIS,CONSTRAINED DEVELOPMENT SIMULATION
1206316000,South Cotabato,T'BOLI,105989.0,118.318,1.0,816.6619,6.152900924500045,124.91865129375003,GeoRiskPH PSA Municipal ArcGIS,CONSTRAINED DEVELOPMENT SIMULATION
1206314000,South Cotabato,TAMPAKAN,42567.0,108.951,0.0,254.9649,6.4734299470000565,125.03074388600746,GeoRiskPH PSA Municipal ArcGIS,CONSTRAINED DEVELOPMENT SIMULATION
1206315000,South Cotabato,TANTANGAN,48877.0,385.465,0.0,130.4797,6.579105847000051,124.75303750252567,GeoRiskPH PSA Municipal ArcGIS,CONSTRAINED DEVELOPMENT SIMULATION
1206317000,South Cotabato,TUPI,79112.0,346.982,0.0,296.8103,6.349407167500061,124.969183146988,GeoRiskPH PSA Municipal ArcGIS,CONSTRAINED DEVELOPMENT SIMULATION
1206501000,Sultan Kudarat,BAGUMBAYAN,70277.0,104.563,0.0,561.4025,6.497472548000047,124.49796148205306,GeoRiskPH PSA Municipal ArcGIS,CONSTRAINED DEVELOPMENT SIMULATION
1206502000,Sultan Kudarat,COLUMBIO,33540.0,39.366,0.0,304.2525,6.648907176000051,125.00081646778416,GeoRiskPH PSA Municipal ArcGIS,CONSTRAINED DEVELOPMENT SIMULATION
1206503000,Sultan Kudarat,ESPERANZA,74295.0,229.093,0.0,224.7048,6.726797116500023,124.50031927209425,GeoRiskPH PSA Municipal ArcGIS,CONSTRAINED DEVELOPMENT SIMULATION
1206504000,Sultan Kudarat,ISULAN,102136.0,188.686,1.0,526.5717,6.612511936500056,124.42076175749253,GeoRiskPH PSA Municipal ArcGIS,CONSTRAINED DEVELOPMENT SIMULATION
1206505000,Sultan Kudarat,KALAMANSIG,52580.0,75.2,0.0,478.3592,6.512581724412372,124.15735376442048,GeoRiskPH PSA Municipal ArcGIS,CONSTRAINED DEVELOPMENT SIMULATION
1206508000,Sultan Kudarat,LAMBAYONG,81813.0,329.36,0.0,190.122,6.7821666160000404,124.63522173027269,GeoRiskPH PSA Municipal ArcGIS,CONSTRAINED DEVELOPMENT SIMULATION
1206506000,Sultan Kudarat,LEBAK,93918.0,182.72,0.0,468.9201,6.672346112500037,124.15829135137514,GeoRiskPH PSA Municipal ArcGIS,CONSTRAINED DEVELOPMENT SIMULATION
1206507000,Sultan Kudarat,LUTAYAN,65834.0,242.93,0.0,167.6931,6.613379301144857,124.91435595257533,GeoRiskPH PSA Municipal ArcGIS,CONSTRAINED DEVELOPMENT SIMULATION
1206509000,Sultan Kudarat,PALIMBANG,84161.0,173.886,0.0,802.2554,6.2730267465000145,124.28673738512595,GeoRiskPH PSA Municipal ArcGIS,CONSTRAINED DEVELOPMENT SIMULATION
1206510000,Sultan Kudarat,PRESIDENT QUIRINO,44616.0,214.088,0.0,109.211,6.717863733000013,124.73549844626541,GeoRiskPH PSA Municipal ArcGIS,CONSTRAINED DEVELOPMENT SIMULATION
1206512000,Sultan Kudarat,SEN. NINOY AQUINO,48296.0,58.583,0.0,272.27,6.432848202500054,124.34689587732177,GeoRiskPH PSA Municipal ArcGIS,CONSTRAINED DEVELOPMENT SIMULATION
1206511000,Sultan Kudarat,TACURONG,117841.0,768.194,1.0,147.5172,6.664071803500065,124.67529587354255,GeoRiskPH PSA Municipal ArcGIS,CONSTRAINED DEVELOPMENT SIMULATION
